# Tommaso Di Riccio, Marco Minniti, Francesco Simonetti
# MensaMartiri
# ML-CUP23
# 31/12/2023
1,9.078167518672227,8.72977933459452,19.67369757702827
2,9.371015133323377,-36.08976924174661,33.69394445078162
3,9.560270098784391,5.27803809576854,20.216589145090037
4,-14.196487586816922,9.530411072614005,24.695286122306122
5,-49.18571776060555,8.197926540896654,30.692595346231712
6,9.292677807754348,8.802468147961228,13.401200080184239
7,9.559394426141985,8.18909806428843,13.475360886836672
8,8.25718211350034,9.510693841752623,6.823305831373511
9,4.769717444471991,9.508781185252445,6.446883035310465
10,-38.51458243531309,8.92159717465751,24.42062588334607
11,5.650170571297487,9.589884718168385,12.866171772226227
12,8.66482307275625,-46.42420733131867,14.992860446318712
13,-11.593830811314406,-63.42450381705595,16.205833421751002
14,-23.521804570413074,-51.41058850207403,9.912358171722492
15,-69.02437627352077,-4.7219822522146835,4.707593041099764
16,9.527495201072291,-16.07820618233299,8.218523809315844
17,-6.7165729796210725,-68.38000651507706,8.797531919006676
18,9.673791287654904,-28.716473842477413,33.316183803712214
19,9.718417414098363,6.615668706005662,13.671562519480364
20,7.89204793560884,-54.157021010855146,15.144011931655474
21,7.143670647185575,-58.68821627286313,2.7064337880019647
22,9.626741928308165,-25.747309468019985,21.125490241442233
23,-49.07263787039062,8.19178881629692,23.92529117317079
24,-70.48103395167136,-1.3413294496333212,17.227238846777453
25,6.101802872059266,-62.97056936676833,2.788996816658951
26,9.715132756134489,-5.714996054857027,7.855572823365421
27,8.071054036838769,-53.68520079497953,2.5229254009759727
28,5.1734717481400425,-65.84161550795845,28.136065726328226
29,9.631499101558306,-4.886555743571261,7.820273034777772
30,9.179630137635836,8.096602939060983,26.03881315162335
31,9.402072988546267,-6.072974484076901,20.699128680056354
32,4.585523379486741,9.482945785184139,6.431305806140495
33,5.305974855153988,9.628223145607024,0.3058060612348593
34,-5.642070221149085,-68.82559331215487,15.652931822580033
35,-63.87239263258064,-11.209945699711353,29.708939068911263
36,-10.121259832666244,-64.89151100368558,28.622870607297344
37,6.193533010727616,-60.879795976570406,34.21971782989563
38,-54.94374636659292,-19.957508961982523,16.82951145514997
39,1.8244075465932292,-70.26732147641108,34.570034842912
40,6.8628758804035,-60.709500545724644,8.890799795817138
41,-68.55907034123976,4.0192164203870355,10.87910011010322
42,0.446402699915058,9.485458136758194,18.758815403344784
43,3.1515668085903212,-69.37918847606335,9.417167102489184
44,7.3572277846888126,9.48602331808862,19.357216759195875
45,6.756730025363083,-60.409872177301835,15.242494903626444
46,7.320022897222321,9.833235311173457,32.0047250065288
47,-0.9780551837132777,-70.50835961050132,9.399259038510294
48,2.288991430939744,9.69109463782557,12.813414705029958
49,5.917238207959041,9.702991859393403,0.25446701665555416
50,7.63123807940494,-52.756248472435246,27.6597686120567
51,-70.8262116789395,2.371968462930305,23.552655898203813
52,-40.05304193000238,-34.49297253718977,16.28526217908511
53,-54.86304813712989,-20.240093498839826,4.280434902589145
54,-65.24510610771432,5.538741578830903,17.42259051787343
55,-1.0227048813212223,9.562157765884525,18.85661091670269
56,4.668258893707384,9.496222953508692,6.436493715811819
57,9.458202048031337,-35.20610298032684,8.506474510945592
58,9.439366873227124,0.4647386061164914,1.6019461205275878
59,4.555347447887603,-67.63593329892322,9.2430019514408
60,-47.65272909531811,8.59244962426568,11.693501436801759
61,6.019090090163574,-61.65743969974649,34.33415107235565
62,5.710720690826398,-64.23792334079731,2.8231279749443265
63,9.302300312306503,-35.43491441582625,21.17879461004043
64,9.472686307425455,6.999327647877018,1.2433739599638338
65,-39.590088833649645,-34.820484646819345,3.9626647336209846
66,-30.150497449779625,-44.817097913083266,9.962054542170558
67,5.22520389080293,-65.26289849675402,15.424759925672252
68,-39.53300847915855,-40.244623367070986,23.49323447271795
69,9.496011016358397,2.574850682346059,1.4507080992066914
70,-38.25646596337876,8.936840136224571,24.451243068218304
71,-58.45439458442943,7.302348525907743,17.74219496117308
72,9.510664951197525,-14.312433501266238,20.652975115701757
73,8.07774659170257,-48.846933114302885,9.07079521038942
74,-3.154189826281053,9.666386791394455,25.166452122304825
75,7.538071911376117,9.575194166479168,6.7803970027730465
76,-70.62131085406699,6.501904964531906,18.116813938814225
77,9.734697538433165,-5.920168126663013,26.93818872171975
78,-23.644702593808447,-51.26202657699804,9.940564022222278
79,9.530529302516669,-8.196275897579062,14.621855478256988
80,8.790824688994686,-22.684736839143234,2.255516831791082
81,-61.20773785032651,6.569826825072788,17.546021265186006
82,-61.23222943118607,-13.931975893368715,4.18531834404307
83,9.600848818717616,4.747598597513658,7.6796074929965705
84,9.108379372143856,8.91052574218719,6.9944775470101055
85,9.302866568640976,8.023578046040882,19.80727371886416
86,-68.61458088345307,4.083661179437072,30.291365104138208
87,-32.13664910275369,-42.82954079990262,16.31859164399104
88,6.96141020465486,9.72510199376589,0.37783097761738815
89,9.653286638856846,-3.2346212153015252,27.04244936824711
90,-17.10636271907739,-58.712483113548714,3.8191537977216665
91,-19.055511730080873,9.609340033104086,24.650411086473557
92,8.542190133507097,-47.00238963897501,21.0907581110574
93,-63.613141571794145,-11.436214495517488,4.360436709733349
94,-54.50166819510678,7.7789030899902105,5.299991810559468
95,-38.03925020632771,9.023881960085902,17.820746886904146
96,-1.0106288074895975,9.764524471766771,25.284454275550306
97,4.946280237869595,-66.92692480784709,21.593293128794805
98,9.663182884172626,-6.629951371158052,1.7192441668096827
99,-64.86062017017983,5.663393453941291,17.456670313731948
100,2.545018187288136,-70.29306436974821,28.155579839898085
101,8.097191926987957,9.66620421117441,32.02864808643794
102,9.329893774722592,-16.334573958014595,1.955459573026887
103,9.476605383965067,3.6331262122653802,14.129447493453549
104,-7.154961245985905,-67.17105513349837,28.433999691466617
105,1.7853775854615943,-70.50453351337404,15.653524383475556
106,9.912057774596548,-32.520923972721995,2.112544392931072
107,9.464744565101809,6.966789384875398,1.2445954443127665
108,-51.33934353094638,-23.018253119605916,22.96733283331013
109,-70.10361006954295,-2.8651485610593084,4.53498626852843
110,-8.348141765327087,9.590436198698857,6.223406776939028
111,-64.91241194256386,5.132882685711361,30.22181892747055
112,9.691873872511021,-12.512219332173931,8.202749063136913
113,9.722061298372386,6.621693353619554,13.670598068507472
114,-70.8307498131471,1.7991344717257296,4.819766279312969
115,5.044235842603092,9.597474459892151,0.32035111121373905
116,-61.89870874548456,-13.266452057578098,4.2031210175333715
117,0.29823572564129386,8.95259195111721,6.22445576729821
118,9.622849656077571,0.142167170449793,8.021851950358057
119,-25.057286937479994,-49.65809653104323,22.40737251047942
120,9.45869415282164,0.8073297959317091,1.5913840917844215
121,-54.709952505336055,7.741832267205641,23.954051854086106
122,8.74927271419722,-41.9598674495994,14.908041861216724
123,-7.493994761215948,9.813054731358125,18.833710869353258
124,-66.43430355499531,5.385807394549987,23.940851056878632
125,2.2392431044095327,-70.21581690640289,15.708729681286961
126,5.47839964677576,-65.07488712780476,28.092901898480672
127,-10.037933438897804,9.648389317951256,18.690300757123026
128,9.470918307697112,2.8925119233356225,7.759894977405505
129,6.830439585569576,-60.085349350369015,2.73428341497142
130,9.53650107247863,3.3354642596346946,1.4180552778012911
131,9.396353502398782,-16.195550169188458,20.63609784840588
132,-68.84088241965881,-5.260005988834627,16.533125900834975
133,8.296491813055711,9.412914188040597,19.478731227978816
134,2.623767003717206,9.499284607843588,31.681355499759405
135,-25.94668104377485,-48.79767001808969,9.974369307178087
136,8.687660209105937,9.400081478632368,32.07042171374436
137,-47.04019596716597,8.341424630822452,24.087895114317178
138,-68.93252468749404,-4.915979763285556,4.698528971919941
139,-56.55160609046031,7.395445610578666,5.22123360659018
140,-8.331894338287125,-66.4859732282151,34.84830419508949
141,-49.444378848498886,8.389675075723902,5.324223518206565
142,7.887728134777331,9.473008525698638,13.050671841830122
143,9.946565086075157,-8.576561690578188,8.153631586471315
144,-69.85911242296228,-3.4630588290129656,23.356847692071998
145,8.247071576518765,-52.74539255315585,2.4343003293906045
146,-61.91853284420977,-13.266525985296893,4.203125139720746
147,9.060955245475107,9.011473096293003,6.972720400925118
148,-29.652489867501536,9.29120342766983,30.80376804410799
149,-55.49730827332307,8.074887692735144,10.867740029632007
150,-70.51768651003435,-3.029354680508621,11.019725293340429
151,-67.3246594482373,-8.208286367726059,23.707195696192354
152,9.287456361975705,6.726241007809501,26.201894282216195
153,7.414206754702353,9.816694130483516,32.0079960665268
154,5.838986385779111,9.58644995491256,6.579442663345924
155,6.482321137457423,-59.548171367183656,34.065464403390614
156,9.310768299826739,-15.571535623351679,33.30520060485513
157,5.504610754371572,9.589356726587557,12.861505689171993
158,7.839674822536696,9.487642689239665,19.416570669002162
159,4.638414780993518,9.49440461618331,6.433951878318208
160,-62.4234274808918,-12.837436071819353,10.531447656092599
161,-6.352300615477454,-67.59071446038605,28.352681104426512
162,-12.311345542911885,-62.485221411629325,16.206153082773092
163,9.474664020773167,6.879342183635696,7.348825892299303
164,-18.142719390000412,9.853912733260202,31.091707336575432
165,-22.918008263720868,-51.4255812049376,29.149068313990135
166,7.1062022500769135,-56.6143498459259,33.834324638079984
167,-65.66561252549067,5.935322255518765,11.190989530901899
168,-60.787014971549155,6.642612705251249,5.052616856267582
169,-67.72222164687571,4.7509573039970725,4.861432909876216
170,-42.27472278805767,-32.54320296781185,29.173044432936386
171,-39.629166149139856,8.947156618129211,30.385275002080913
172,-67.73527777001253,-7.201243342630134,10.682411583297759
173,-29.906664788309946,9.264950076368626,11.879417307989529
174,-41.28405209632488,-33.085390241422516,16.26944473555344
175,-16.809508224330298,-57.855958013620175,9.873210866533714
176,2.8217382181692887,9.65926498341682,12.8015862355914
177,-56.56084297790795,-18.638900830850577,16.780590639900122
178,9.5015966174656,-3.6968472496464115,33.08017582989009
179,9.505319714048929,3.3166222488663655,7.7431868329205855
180,-35.3863956411049,-39.56875891931455,10.003692188556837
181,7.595081390083347,-55.72350348690705,21.66849056780091
182,9.395576789696376,-26.296201771621433,8.302532850147461
183,-63.93207380136295,-11.115056074370631,29.70124140888542
184,-4.371110668461359,8.927464288137152,12.115540166058514
185,-21.591402280284605,-53.14928111407822,22.775280066744713
186,5.9674876580921,-63.40910736104065,2.798076897223048
187,-46.406321157765696,-28.212051886471496,4.0099723145940205
188,-9.612997003239936,-66.99648005442943,22.53342227094452
189,-13.629424645497325,-61.54268107731462,22.412950025796746
190,-61.85617426729415,-14.005296826552494,29.409468336428642
191,8.783344941474214,-40.71497608298362,14.838946738575503
192,8.983072202065093,-37.37668700548096,14.544435566722326
193,-27.487465064906168,-47.11127335251419,22.354801338508206
194,-70.67605395215554,-0.06066754334430191,29.735263923718342
195,7.834508812246864,-54.22778426984257,21.550408039598707
196,9.458827419363454,1.5650144513601831,1.535839928545002
197,9.590836234251686,4.929689347564423,7.663007248804512
198,-68.34250680241294,-6.283397275826411,16.2348077834211
199,8.864972774589312,9.223827212236223,13.300557576078532
200,-1.0596620070272205,9.767871308700666,25.285932378162165
201,8.419443642884556,-46.70459467106802,8.901710940192041
202,7.7578076823037305,9.758627634971159,32.0179135002767
203,-70.04782331531925,-3.01134007899802,4.55810485928238
204,-9.466704944126866,9.460364473464494,6.24229319310539
205,7.769847418787815,-54.56032320602416,21.574821405284098
206,3.322074111264861,9.518907428514911,31.745550643916395
207,-56.35336018362618,-18.647139930851434,10.448281759608333
208,-35.52204602085809,9.156771816020491,11.923555381845187
209,-13.529311460667039,9.364018557394905,5.920481341179945
210,-68.60614478600885,-6.324695276423387,10.632483443158762
211,9.338994795656555,-28.86453430135415,8.536140943775305
212,0.7085353979482141,-70.68321786646273,9.264129793769651
213,9.466996837210056,7.108091175290964,1.2390734400609018
214,-8.432047181190358,-66.38288458244087,9.515350549515459
215,8.951658520060867,9.154144724118211,13.321350004710613
216,4.484898161566838,-67.72160458819401,9.254495011695454
217,-30.352751380022646,-44.50679950320249,3.8665111479186134
218,-36.9258376311585,9.078248039222116,17.7665871128714
219,9.269727846155067,7.175428135238985,26.170797436921216
220,9.946842970933174,-8.838799570831071,8.162898912744238
221,9.193502997315596,8.435672884976686,19.723845501942282
222,5.049804487958018,9.599666296218883,12.836358341005496
223,-70.51038911556108,-0.9172604420613876,29.534456343417574
224,-31.50877391805698,-43.31586020658121,16.33813856349267
225,-70.62697722592512,-0.33825413541216454,29.661976599530625
226,-70.04743778132425,3.3731331020052013,18.169409386971637
227,-29.761852105470037,9.277650850358686,11.878083733487708
228,9.418438955407124,1.6413020096736561,32.75942132393189
229,9.14704545596789,8.814696322995044,1.093613795811497
230,-52.44250514172667,7.96138999412555,23.705028076976717
231,0.8569314120820893,9.473566609180832,18.764759612162656
232,-22.899351671137232,9.227269122689993,12.046690861924702
233,7.77815275609647,9.549005885871058,6.800494508458911
234,-13.269163716673619,-62.3771227075804,28.578740748716402
235,-60.1574095404586,-15.851628356025385,29.562730815526336
236,-69.33304608684406,-4.217196405208847,4.707354391886593
237,-21.907892642632255,-52.920269470714196,22.70176255740317
238,-3.1717717392617555,9.655565491078745,25.162670158897583
239,8.16122291486955,9.521815241029236,6.82082029504776
240,9.672014740764235,-1.0166567957745114,14.182708738830206
241,-70.76932703852651,-1.6933900582406891,11.17195851732224
242,1.4548415166680084,9.697556432649112,12.754208197770351
243,-40.882668004422,-33.24673314408876,10.445252756663681
244,9.364629487996714,7.868807669668033,7.185724327975585
245,-66.42036057462605,5.547005512009375,4.881693915646268
246,-26.139248513324265,-48.60995996399342,9.963128203328115
247,9.313814210655973,-35.29419434308576,21.174442453655317
248,-70.94584012827113,0.6043216093506395,23.33449388769039
249,-55.54083878023997,7.6291356476811005,24.048752673188794
250,9.328297350836142,-21.377107946528366,26.82983261875606
251,-4.9787575595022036,9.766884885040227,18.91705878078084
252,-15.918976310931106,9.402349207468866,5.8722599645456235
253,9.851549784241072,-12.208128958870933,14.5829876448931
254,9.318745460738217,-35.19865087624187,21.170821103545368
255,7.775545387527534,-55.11465607248013,15.11885727182667
256,3.478648282410252,-68.76817933512183,15.63492793779032
257,-25.82276932095589,-49.43055651361057,16.255299406380693
258,0.3067233650380873,9.70540634509701,25.240877410772278
259,9.275927632521913,-12.193782874550696,27.033277069615224
260,8.922585126411574,-38.77043333172726,21.10585057802153
261,-9.564301063820755,9.483436288888885,30.997679863355557
262,2.4211587108188413,-70.02366031672314,9.386605533691727
263,9.732050549205663,-1.085242489947849,26.855923830036204
264,5.440354297892815,9.606487190273967,12.85898486556416
265,9.216454221350197,7.934258546704761,26.06863516178148
266,9.34470482008311,-9.311514436819316,27.05374450378562
267,-38.94857381405923,-35.50726364503461,3.9217241461938537
268,-12.309915729677373,9.398187705415697,6.016382918999847
269,-45.08031462884704,-30.02953684145879,23.173728297570992
270,6.698213479077589,9.442568390710473,19.2653167766961
271,7.356720766119753,-57.544442417636375,8.987881865759942
272,9.407063842203247,-13.102643088331039,27.07066565292059
273,-50.097502564303475,-24.07714808363034,22.9104214037988
274,-64.66279721504505,-10.1302842215193,29.629754202038924
275,2.14239404156257,9.442589576581483,18.847792477337862
276,-33.93280324045377,9.094234780111114,17.876972599729676
277,9.534593894667026,-22.71309389517461,8.29769900796451
278,1.1814516885991786,-71.26687184437013,28.156156984205317
279,5.8078085659925085,-62.717783814017665,34.501775461100145
280,7.840865446374953,-51.70617592653449,9.10047868475948
281,9.690342514092112,-12.861557785562745,8.232103004850181
282,-21.396681627528135,9.390472883757923,12.05771569304684
283,-36.83256936808404,-37.80918272207821,29.201987683823774
284,-70.11163312939738,-2.1628052203631625,29.45195940011474
285,5.847698546309209,9.700941224805051,0.25381970550940547
286,-70.99173086556715,1.2395874468565942,23.42051288074081
287,-37.034550724787024,-37.53196668472461,29.27103168790461
288,-52.43376882492086,7.95476820425172,23.705775379344487
289,9.499280827083222,0.45914547074995726,32.78127906476176
290,9.41137253967635,-12.507485430384016,1.9533170467657572
291,-12.365397685030077,-69.11247432886796,21.98591597127012
292,9.186406268360367,8.476858657707464,19.71730215823865
293,-70.4467426110148,-1.1824925050952433,29.492986808935356
294,8.398185678327636,-49.71594336974022,15.01077618529103
295,9.213984122746936,8.91465118497981,13.380746487945176
296,4.850889473005231,9.299283993283609,19.037814576398723
297,9.419346276543816,-22.220273577397734,20.988679953971086
298,-64.45935237825788,-10.397122710207562,29.64552526988072
299,9.470846127608416,-25.454434209430914,33.13186913924844
300,7.465127742526793,9.80895802400758,32.009857620735424
301,6.358166736991763,9.493770175883073,25.310152671235087
302,7.350621067458037,-57.75801520538227,2.689862578951667
303,9.478821941173328,7.815543663377003,32.282807647934575
304,-1.8230501436487714,9.129694206661943,6.155912189740534
305,-20.82303443961941,-54.34804537207464,9.495666027435835
306,-11.913859001197784,9.50087815697928,12.278115123760458
307,8.78393009750093,-30.229751835561274,14.629759655856482
308,9.749900954851615,-5.240658464679357,27.01280784032975
309,-70.64843271352467,-2.5677329011515995,11.108535766289982
310,-25.608985133918765,-49.0384346343599,22.395858014298838
311,-25.371847471081118,-50.03479738814583,16.044437550948047
312,4.363327880858806,9.502543272638622,25.185545865158385
313,9.105858280799954,8.35978025664745,25.985958608909566
314,9.349524359985745,-32.78277786086285,21.083511738599217
315,3.308863754193794,-69.01076023137973,15.666094405276034
316,8.31609980185732,9.484997994441043,0.7030178027345871
317,6.011041513874171,-62.932149765810124,15.371239395443283
318,-15.413178121920359,-59.879839332173546,15.829857380083833
319,9.754251755041867,-0.7109803318518452,20.132048368322796
320,-63.21047099989511,-11.747461675093799,10.710367983060074
321,8.718416163391108,8.964405382225172,25.825280254856757
322,9.660259316910214,4.147965582637811,32.83939508348503
323,0.8227568408490266,-71.34438477699588,28.17439537923054
324,-70.71373485339946,0.415700890803986,29.87606515509188
325,-10.919551213479789,9.63357479845888,24.873221580316248
326,9.058767283019767,8.952770794176985,1.0415221533617807
327,9.472572802941716,5.527696397977216,1.3183571970601937
328,-11.85649096342499,-63.07576712505199,16.208744747006865
329,-44.44582293138198,-29.85162441758819,16.268164373190057
330,-10.288007383752692,-70.4827849247158,13.928879579467834
331,-55.883005168447156,7.593166890008504,17.597826735317295
332,9.395119618124298,-11.968371140902537,1.9217588022736876
333,-27.85482462618369,9.317197630640358,30.900080286281334
334,7.944441960508587,-54.48160364680657,2.572999618856336
335,9.596874394717267,-25.112703425767315,21.08447396593354
336,9.439764611440825,-21.485757582418046,33.541992493928475
337,0.8444946218590969,-70.58165476656153,34.61875438827935
338,8.805678629468991,9.30247244232501,6.89733232835229
339,-3.7412299616916886,9.619359219310782,25.09032810533677
340,-15.102822558039671,9.472381913077289,24.648843259553864
341,9.287695305537852,6.356548066881507,26.22107794297907
342,-37.45434653737772,-36.977711503320364,29.353230377707256
343,-50.290029597840885,8.297115473535777,5.354308241393392
344,-55.893237888979364,-19.185618349716606,4.203405136476309
345,9.461097858252403,6.755068435379322,20.047046694499592
346,9.243511702903923,-10.721978679639541,27.028964031262028
347,2.8641400108409494,9.1878528021688,6.422410783726171
348,1.5056639003023142,9.70656519963803,25.209502649377995
349,9.59969725158487,-14.529658759433543,8.245748565233932
350,8.541741683766316,-50.34014645844013,34.13030372219456
351,-69.47567420816846,2.54225755211503,10.749312105000866
352,10.391205609442808,-35.53080748226278,1.944846339684306
353,-66.18336744874122,-8.24240504189381,29.65091181215169
354,-56.65700033882186,10.703379827643177,10.92786888848343
355,-70.36388618367303,1.1857569239081163,10.805494414761665
356,-43.109798761107015,-31.46744116907311,29.16549877919156
357,-20.826436561379623,9.479701222354898,12.0836606104467
358,9.388966816195762,0.014576409725933076,1.6025082463016247
359,-28.340560965338426,9.407133815797968,5.567652915698993
360,9.258722081826717,7.499894261980813,26.137070223907415
361,-33.214496006414876,-41.550091084836694,10.375547559926302
362,-15.086297102156088,9.406387946916771,12.165323748188586
363,-30.476732903766305,-44.249147479554544,28.869745459470657
364,-39.14880309963204,8.984537460415698,30.36505393120625
365,-54.327871174011264,-20.938508073834704,29.361104358382832
366,-44.918169323343655,-29.628977135496243,10.52611975479166
367,9.688309705233557,-29.887647534810437,33.57735485730645
368,7.471760732809378,-56.579550112706336,21.731576839311224
369,9.342394257208804,8.01431407982729,7.161393878097998
370,8.605929284700592,9.442322172248915,32.057363428693485
371,-58.724051703678626,5.891110137458496,29.656964259615723
372,-7.230905415023279,-68.62451000600015,15.054277637276847
373,7.022112566904495,9.468207338342499,19.310673253409675
374,5.829547963973047,9.589916513345766,6.578345879906439
375,9.750377080679206,-0.013909347996127419,20.114870152822313
376,-37.308638845309794,-37.15137372010948,29.33679048947787
377,-29.67109552882282,-45.03442809013085,29.012859861226964
378,9.717975315803569,-4.019099611155922,20.545534208815937
379,-56.651611686929954,-18.55197362617791,16.784804783258945
380,-11.280638718632963,9.53634353916587,12.287957932483007
381,-6.461307025421768,-69.05851014515854,8.319808856284375
382,-14.33441825935965,9.604645749560252,30.991659004290877
383,9.102435169379214,8.890313697567803,1.0653218742403316
384,9.200830009072517,8.425240038809228,19.723813528299512
385,9.386760605386321,-15.946347595562742,1.9555023309748405
386,-54.48355156788011,-20.58186117165465,4.338727483897606
387,9.553880948077879,-13.540458983037754,20.6907189432173
388,9.609722001074088,-31.3476773472116,33.7470421321743
389,6.898476994876117,9.454010809138456,19.29395595154821
390,9.041618353725577,-37.123741766628726,27.63740939933846
391,8.117405356063777,9.53629756274146,6.816562289910754
392,9.04985885258071,9.140245603076398,32.118128932944664
393,-11.626784300351334,-63.67106170552381,28.579041551560834
394,7.856042068889032,-51.29214575642129,9.113380628044716
395,8.688453402946378,8.98525058115486,25.811231275484204
396,7.690021703450396,9.391081510101891,25.573362704889313
397,-7.247776635539213,9.793709758978032,18.847779146087277
398,-51.45346038499641,8.14940022895161,17.502990924328383
399,8.359342742371185,-52.291665641574525,2.3814973324901385
400,-29.750863331598936,8.992237422522136,24.36769006611482
401,3.909308598230861,9.565862738822783,31.800066499787953
402,5.261709182845224,-66.15437540287319,21.57144876412173
403,9.35586787095337,-6.6702058958816455,20.725878913964777
404,9.027972323488859,-40.77443121092337,8.657490237520438
405,9.370468641807221,8.093789735343968,1.2175101449232377
406,-48.70955042414572,8.208679056283147,23.96361290779503
407,-7.153433532581895,-67.6492774420468,34.77286336108147
408,9.655758051465725,4.084263541803131,32.84115048515531
409,9.57814227118728,-10.225922718311999,33.3040312990424
410,9.419675161296833,4.2126721692303555,26.423639894732894
411,6.780818713496452,9.577694697254723,6.735337670404073
412,-43.01184576630099,-34.450432129270276,23.592597191650036
413,7.607849582987998,9.409519943531707,25.555785195045225
414,7.385263792743083,-56.70509057916812,27.901654253297078
415,9.56189347325415,5.713040006825761,7.556947918126376
416,1.168628993347781,-70.61621936633803,9.271263169225172
417,-10.578757798830424,-68.32519690157872,14.517597796706713
418,9.452420682835331,-14.362083193271747,1.964546266818323
419,9.357166555481887,-0.14059410576296566,1.6003596261124926
420,-68.79975551220889,3.5748093500423175,10.808214564280153
421,-69.52914161244486,-3.2808876165143945,29.522612050488384
422,-28.094074238701715,-46.72493377966475,9.844870315034482
423,-5.964284583739279,9.381906684795366,30.988003698454214
424,9.491736357991522,6.723815937898632,7.375939594470394
425,9.379766280559853,-15.980554838624606,1.956140876244032
426,-70.51449730408248,-1.5945261161689328,23.208311964145892
427,6.598299277396259,9.438661105978424,19.250740246278816
428,8.016854518216203,-49.529359575931764,9.11197011376073
429,4.988459902102052,-66.14651967120055,2.977577918661828
430,8.736427213117729,9.303056323089656,13.267311972293323
431,-63.58305484042481,-11.602770335517173,29.73542180692258
432,-70.20058164232272,-3.8104455203849352,10.885862006675426
433,-60.47454879598599,-14.660848923046409,10.568605850346918
434,-25.72613133799856,-48.174776679639905,4.0667596294723225
435,-11.215880228426093,-63.92051399627681,16.20284944124865
436,-4.7431408310833065,8.94780833088914,12.092279094856439
437,5.298808877930533,9.566792845097162,6.502285686221946
438,5.206637479163992,9.607386187145806,0.3112387975360179
439,9.476291717146776,7.147327661002397,1.2399226991045253
440,-29.339518954206497,9.420844108228748,18.013361881770685
441,9.705663836710182,-23.54958231100245,14.810206045856008
442,-55.92008916354102,6.660877016075494,29.73817617872013
443,8.579527470760091,-43.53588750743516,21.23105179193564
444,8.832078977380034,-33.499895714949396,14.591615501787974
445,3.94564284723614,9.5704474452657,31.80325593026381
446,8.282069375158217,-52.62883938141903,2.4202598164927918
447,1.6745592887679952,-71.03436430734158,28.141950962707792
448,-51.602256189340494,-22.806871101526735,22.977443355727544
449,9.465184401311529,2.754000612113868,26.64409418664861
450,9.389056996236251,-13.048050785364751,33.17882401592671
451,9.780204419776549,-6.248580762790187,7.9136040901019395
452,-10.049646109907226,-64.96198232685953,28.628398910737253
453,-56.63302386915399,-19.447148654585636,22.944085367941433
454,-59.830002694676324,-15.069744907931803,4.245633811302193
455,-44.20921956503915,9.06192059117704,11.668624148681133
456,9.068825678073726,8.755660309548118,19.66916556463331
457,-50.04297857926085,8.089832675001542,11.622357609072848
458,0.4571468511718565,9.716591453586336,25.23348407595882
459,-18.211032242683487,-56.465755942292574,22.698014551253582
460,-23.540308948825892,9.521609798903107,18.27234739937076
461,-36.91630908315415,9.060233368555755,24.616797231433374
462,-53.542594484506566,-21.207870153941904,10.49900037510459
463,-40.5870726504736,-39.79440185092584,23.710277184475274
464,-6.08641456981681,9.114259485711965,12.148563487711753
465,9.361773769898306,-12.822355159842717,27.05890850591368
466,-69.5955898982855,-4.142642523798901,23.3859106160074
467,1.4985476266362538,-70.51104712845563,9.291085934455655
468,-35.77936577491312,9.067837072846515,4.88953553765195
469,9.446152621596118,3.039904729290499,26.61209795017618
470,9.1948647622893,8.433754368978295,19.722072296416695
471,-42.619288044450514,-32.1886700456006,29.15517467668805
472,-15.351230506872962,-60.12051107689565,34.949471827812125
473,8.512261347300331,9.443260166355328,6.841226528735898
474,-58.73135049353205,8.252191364977085,11.591914170663332
475,-11.861459786647943,-63.48862495845984,28.57710702908052
476,9.418021139061848,7.329411209958009,7.277326889770949
477,9.484748696402761,-17.83003122897238,14.426679604245809
478,9.258502036282524,-3.135270588818345,1.700406972973803
479,2.4106176941888515,-70.05651145948406,15.718455402004547
480,-65.83590714455386,5.605185392440858,23.987188438801184
481,-70.63776911699874,-2.55717841481697,11.109578783470184
482,9.721443800279525,6.710256379009479,13.660725264231463
483,2.0770009002427834,9.422009162448887,0.16926366824896
484,-69.57195462697436,-3.187055322483983,29.51382395465274
485,9.38464020700743,-30.236682248226913,27.224553626580636
486,-15.356478289899568,9.408016768500012,12.175491487516165
487,-9.323171732824399,9.497087026165987,30.98407149416336
488,9.80609891538619,-1.936006703515151,20.252079105200014
489,-66.18040734068639,-8.167284804993828,10.831884948780683
490,-69.692501709841,2.2419141115137378,10.750769352039011
491,7.743449873431133,-55.59155224268558,2.6248195018741476
492,-69.62323559139715,-3.333675159586846,17.01040178262514
493,-24.379927198154036,-49.63577987347486,29.186175603994343
494,0.8788482231605067,9.0409472422483,6.277800211456367
495,7.302586066804197,9.485815047386204,12.94402569186606
496,3.8227786916158575,9.565224460140517,31.792761154202402
497,6.741224524027326,9.7283597575926,0.33801671600519245
498,5.636587075794087,-64.4551963872479,2.836640554181317
499,9.26795874089989,-38.84202149776721,8.596110047449363
500,1.169732554817791,9.71375847070483,25.21252949733998
501,9.20466042144926,8.642647982581316,7.048020720223002
502,7.53391384104428,9.809578991044596,32.01287386060822
503,-57.73496553905061,7.382015016320397,24.190879810145876
504,5.450752732119443,9.654064213258785,0.2962522375764668
505,9.016372497879898,-19.3048059199727,2.007900307025611
506,9.734181876761184,-1.4266791222083124,8.063555896638235
507,9.718191401503994,1.8767840017646154,20.211742729593535
508,1.674949667026557,-70.329095817381,34.578838609688134
509,-0.4132023606751577,9.598168559428476,0.11741286299974163
510,-66.59825493358633,-7.9044073156357815,10.797797273617189
511,0.7067369425042649,-70.9014394892864,15.583735174876892
512,9.476563909212823,7.980444637612676,32.2620316418322
513,9.27192730997029,8.12741605142683,19.785801921214926
514,9.255357707148807,-10.402485573381195,27.031532747873648
515,-1.7329954913818146,-70.92175346836878,28.429261906605973
516,-40.17548384928932,-34.33605547307296,16.276249107181304
517,9.68332093722822,6.010465213404728,13.751178123905383
518,3.220044110179902,9.51407789387454,31.73610555837741
519,7.249949487038928,9.706628780843346,0.4270416519511623
520,-65.1307578350578,-9.54867539388183,29.610999140347566
521,8.973608269554257,-43.284573710028866,2.6194169199634456
522,8.661885732297653,-49.029058615858254,34.26969978318953
523,9.53054031847867,0.852429946553318,14.170430304783608
524,-0.7588150797383347,-70.79831365175303,3.0105878923329463
525,-11.172970639256503,-64.14956531956977,22.3468945855402
526,8.706046300270073,-45.52457203409115,2.4564966597151283
527,5.782219538431736,-62.834282276734584,34.518501569971114
528,-28.045795593533608,-46.45883021585047,29.14743533927396
529,-2.981577431924162,-70.01086530207164,15.960519552894308
530,-69.13456211348517,-5.0873086897621524,23.437421637635573
531,9.706330496508883,7.285032906408537,13.582114701921055
532,-9.25459089478335,-65.1649432302116,3.578989869033279
533,-9.156073987382173,9.49741652628618,6.248235978578936
534,6.053712316498162,-62.83317252424361,15.367979014788741
535,9.064648384595422,9.082800047294604,13.348012328042405
536,-31.83472302978877,-43.04956225883498,10.325407276311346
537,9.50304579677866,5.2143319459046795,1.3367249659622287
538,0.2599550469292501,8.954359578262375,6.220246094830626
539,9.58354901953664,-14.360777812360016,27.097023173094563
540,-21.1575408619844,9.433441899673557,12.067188185466343
541,6.965824512728443,-59.45504100362669,2.7238088849553885
542,9.555674325770887,5.362028782609831,20.210612366928316
543,9.341978371218413,-26.69052584707101,14.773491075629437
544,-11.158903555105157,-63.75906958050969,34.968867102089014
545,9.43179010609967,6.9742440547296525,20.012011324044067
546,-9.297308759891111,9.459202708632105,12.290892793880921
547,5.130125290583009,-65.5143234275919,15.42775729556028
548,8.495036015329651,9.417263314771798,0.7675517817527825
549,-70.57517031595974,-2.8167715778199516,11.065117615145908
550,-33.11608409375401,8.956492176674564,24.55498352247364
551,8.824842900581343,-44.21426962848683,2.569051627539298
552,-2.398829247439622,9.736091951770865,25.250706664825827
553,6.056824544930175,-63.10942157822602,2.792010966225107
554,-19.4218818434246,9.574514682642974,18.298203780120843
555,-70.36905670184265,-3.484310000663712,10.932945220841193
556,-70.35144304511283,-1.5641472511323475,29.458948631746587
557,-70.50884319791378,2.2396915579513865,30.383495183479248
558,9.697962091610313,-23.412205613235813,14.796951473062332
559,-53.412838589902776,7.959414787244512,5.344266799861067
560,7.803342800289201,9.75326217950234,32.01881624445394
561,-10.653229862827478,-64.46360204980986,9.725020258114458
562,6.733934294661846,9.535231277567746,12.893437738108103
563,9.392119392568794,-18.84493671775037,20.785993184502455
564,9.716011528427812,-1.7446230541858978,26.947008908552448
565,-11.417407911805666,-64.71349928819521,22.281829597222533
566,-0.21993216966287832,-70.82775608878795,3.0333873975630716
567,-52.34879271879552,7.724584201313481,30.269146225092513
568,-59.54266118382377,6.833372909281358,5.087081913440933
569,8.586267404804927,-43.64391123471323,21.230004646086137
570,-24.168849173726684,9.557177174192194,18.25752904769879
571,3.5782594258103195,9.563441270700984,25.209147339455726
572,-34.30957645790382,9.225769633475794,5.218670773052163
573,-33.386036120868496,-40.85586916930567,3.693482357416105
574,9.431650000096088,-33.37999909874645,33.65119086775997
575,8.63083552969926,9.404876085793072,6.861419630510447
576,9.492977549130009,-4.58737802184624,33.210987190142426
577,9.630894022571734,-7.171010100967345,1.6786342111998276
578,-4.774890120374992,-69.16032724593605,3.1395215581147884
579,-25.07969062920226,9.763555864698114,31.25304893629641
580,9.675133906039946,4.8029934821002085,32.78087551038472
581,2.417502973644568,-70.04850631890163,15.718208506618783
582,-35.596530931890726,9.09519997982261,4.936498692754885
583,-62.58288750098592,-12.920093244225047,17.07111210985524
584,-65.98531301355519,5.55446740845558,23.979449385625443
585,-59.63871334973578,-16.380679947808545,29.597555765990275
586,9.66406151105138,-4.4438608041226395,20.597956629948825
587,-15.604449686846097,-59.85209354565281,22.415525340415343
588,9.451463248986398,8.478946848994228,13.446760444627657
589,2.498406242196072,9.451263261244577,0.20176078458153313
590,7.9572688243185725,-54.376726811360506,2.56747543161405
591,7.429930871111798,9.430232644797638,25.521214773906586
592,0.6657027014775153,9.385435821358698,0.15743766812467974
593,-66.68603570007734,-8.012374232846215,4.61521090132606
594,-42.88381554861581,-31.840212932531998,29.158405787806288
595,-31.498234111724955,9.257541569182992,5.445958715885708
596,-41.54798690136326,8.772243549049346,24.273580065064543
597,-37.17835855682661,9.065182127883654,17.774825739730684
598,9.243328953121914,-2.8792628436983136,1.681376914697295
599,-4.889699811764567,9.331036248061821,31.01601885375465
600,9.700297825561611,-12.203295456896763,8.17604143877775
601,9.498182344506803,-4.919311195557368,33.25411670302543
602,8.80474815634767,8.879331059827805,25.857369607149664
603,-0.5141301894084135,9.517929247210404,12.619797049915515
604,-67.60277799798138,4.489411797316583,30.22426660432707
605,6.943813751828286,9.47038641439288,25.423025863007997
606,-18.33257228399241,-56.3222322889395,22.713893390559775
607,9.015999316745544,-36.42962566790854,27.60463808379193
608,-61.46115220633372,-14.47518925455382,29.387390654920296
609,-4.863202902985211,9.367870144365156,5.929442274483809
610,-57.47724028645308,-17.43845076821975,4.23375534368997
611,2.641555316176288,9.162341162568884,6.426254535481352
612,6.348951276876908,-63.09378206842341,8.837188389042002
613,5.582445109412976,-64.23220661731081,15.409706088251113
614,-28.791660488360947,-45.96460313573298,22.381222041784056
615,-0.16864592388290767,-70.93900869023493,21.92290380866997
616,-60.08650157815354,-14.848661784722644,4.2318928081592855
617,-70.52162879718608,-1.5085113489759316,23.20260495478562
618,9.332187052191783,-14.252264368805939,33.1889333007664
619,-10.997538887960333,-63.56035508732421,3.7624018234462486
620,-43.21144680925991,-31.2892731171842,29.166823040212513
621,-52.99717539340018,-22.382564584647746,29.23895550822286
622,-23.08189933870322,-50.74333153370587,3.7013595398011656
623,-26.4569508714839,9.276293921790732,11.976490245800733
624,-30.43323636316073,-44.11501282311336,16.398743422906012
625,9.536968597329293,-7.52791603063536,14.649060519872215
626,8.791334880992098,9.318822496578633,6.893911519729661
627,9.493764280741823,-14.595729976953553,20.636159341973965
628,-44.21467411981773,8.71518430077248,5.177483387335235
629,8.600406075537927,9.35445796783103,0.8126960270333087
630,5.91430972459327,-62.231437965982074,34.42547162612413
631,-59.37161523231663,-15.93092952010418,23.642795241819492
632,1.0650404546406569,9.368881849320122,0.12491040852758306
633,-34.19320356012444,9.021150484335248,24.645858095996086
634,-6.011810147321044,9.387047397200174,30.987249277470177
635,-55.68798662880167,-19.40202512029056,4.209474692452254
636,9.541127177472362,-7.440891640679403,14.650987250738954
637,9.603531689493012,8.018040036087358,13.492391096161121
638,-52.036824467466,-22.48900465144559,22.993926119164172
639,2.0585044559719683,9.691142732188261,25.20917990315192
640,-34.27770386427761,9.091135769498875,17.851508405632366
641,-1.7045695335701336,9.300541322604651,12.516968524913885
642,9.44315538906151,6.933216930120956,20.017565182470157
643,-16.439228886777478,-59.45474592789414,3.847495725413892
644,5.624967028462738,-64.6152948786243,28.072227762858496
645,-60.43367889936924,6.868382755215311,24.073415202742552
646,9.246383193999348,-33.14236917618381,27.547393207559953
647,9.6459187207768,5.8102004481854355,13.785335243901867
648,3.436552704394,-68.9314994841295,34.54609719644319
649,7.72761100844077,9.49924477876947,19.402781204236383
650,-68.97069619810938,-4.981761360436701,16.624119440929103
651,-1.6008736811011568,9.77689625554656,25.28803328059668
652,-37.41028991187378,9.145053876329198,4.5298762126747985
653,-63.51928712494037,-11.59708990064375,17.033892878677463
654,6.945470069409816,-60.32000075249552,8.908960448925278
655,-31.30473613206616,-43.42168296766367,28.687292382906218
656,-19.163219285157545,9.60470755935904,12.189342729670589
657,9.06603923811504,8.762713885676813,19.67107233290826
658,12.563815403943417,-43.385317849538566,1.919953986307767
659,7.114224835519165,9.591954930677606,6.7572903662320005
660,4.123482511085385,-68.35756438697935,21.760973735219466
661,9.262179813042044,-3.1320768472291443,1.7001253925218927
662,7.855745688099113,-51.291150908755775,9.11332782169539
663,9.489965419806312,-19.311364672060158,8.2999510108896
664,7.628635927243424,9.410349499741967,25.560817082134328
665,9.422761208726714,7.254462657829498,7.288087328419415
666,1.658850290557675,-70.3594120705627,3.1068669773112654
667,9.362271435617538,-6.442828860338851,20.716808052094144
668,-16.27915426262336,9.759481739412704,30.97898172951318
669,0.0952511750884728,-70.82223023630303,3.052273581093206
670,-70.80660047580446,2.43332957193565,23.556575304614082
671,-70.71821810157691,0.4969877117404874,29.90098192607213
672,-28.667501184254352,9.505032943854477,18.062186052816287
673,-49.4684142373834,8.290851092528017,17.5520079727451
674,9.670194818664498,5.0316353943150345,32.747077752109426
675,9.680761668345772,-16.08931507106645,27.053094003393138
676,-70.77986453557143,-1.3402348920664555,11.150648275741272
677,9.571730349144508,-18.653827640102666,33.66684786428255
678,9.37737602235669,-36.15932573252282,33.69007574037791
679,9.502323097238785,-20.400804174957333,8.331314825226027
680,7.2562358742106765,9.591866169355875,6.764056630956313
681,9.420247147891526,7.213886599723484,7.29594054031962
682,-5.71385064574936,9.067498890410889,12.112312728798887
683,-60.21371037187052,6.724645559588828,5.069450603301456
684,4.509183646075603,-67.05412718392658,34.55102554721052
685,8.090160066031176,-52.670465596582126,15.132617490298145
686,9.68239475877177,-0.44683925889214693,26.775416003959812
687,9.195310422248825,8.695851641204381,7.03931398184537
688,-0.7158745970649866,-70.59980171421584,34.61775879243684
689,-52.22246996016592,7.921311291174099,11.502205573704414
690,-61.88017802708958,-13.452530636583397,10.47958315412973
691,9.166307831487646,-37.02547579469508,21.15332222688061
692,9.354519973673423,7.948032869035945,7.1739624824495465
693,9.560230557791595,-3.580955686310173,7.876973360197956
694,9.70713679059825,-0.6023665085738589,8.074778627435261
695,-15.011428415189352,-60.816179006881924,3.934522139535381
696,-4.207406687864853,9.804338474371734,18.954112689280972
697,-63.8329218075735,-11.198622857016101,4.371040317925867
698,-22.195233241830994,9.559480267197854,5.798269782846424
699,-58.67564254138095,-16.245460398123527,10.723409070752565
700,-4.298059635429115,-69.36242353076013,15.944522418746505
701,-26.285065757290212,9.269204437387891,11.985915878694772
702,9.41987983694034,-8.651526920616794,27.056493575827776
703,9.50804119846191,7.125880793150886,32.37409931052819
704,7.932548524864643,9.601620458912105,0.5822206494563104
705,8.917767473397378,9.202240962958403,6.927495092285637
706,-36.39948869359482,9.259521794019687,30.481367468105454
707,8.096315089262097,-48.70067613523338,9.058377189144132
708,8.018751347306663,-49.422460503311015,9.108800709173655
709,8.852698953421424,9.292533115650889,32.089131993864
710,8.451521914421548,-51.524610940535524,2.3365146920032402
711,5.496981791357614,9.729162487928601,31.91625901711079
712,7.166900712502723,-56.33319738617861,33.81250333160471
713,9.203007159215122,-23.85925411365087,27.126206355332606
714,-14.074741317621546,9.578656931717465,31.004403145700667
715,5.867969962849475,-63.82751818027246,28.042378483657743
716,8.735635831780076,-31.214555862152693,14.648164308470493
717,9.257610571762346,-12.024413101042324,27.029184283530206
718,0.10842663012581932,8.925331821032946,6.206836798590521
719,0.013511759858143901,9.589650332159568,12.644779847285028
720,-24.065717188200068,-49.99545616678285,29.184224100883714
721,9.792246292519929,-1.8184089852345884,20.238346770081144
722,9.353254779806724,-32.86715172241673,21.085522487717874
723,-38.416274657915864,-36.15319078418914,10.219347165089312
724,7.43567758944367,-56.23657386713435,27.90663067759965
725,3.7727404422852437,9.317947952511279,18.91519093194691
726,9.671097599782538,4.465223865392508,32.818409960226724
727,-42.751360330942504,-34.981206577508594,23.692706594051174
728,-10.32658653904057,-65.87039517670812,15.835967675328707
729,-0.020022489556844714,9.561339804861863,31.515864247631093
730,-70.7480146333302,-1.004215271356379,4.492881934524013
731,-67.34037323344666,-7.910912281790633,16.020137043675
732,2.868684943848205,-69.53692765601976,34.540081243693216
733,9.560698637969276,3.869973137801019,7.725466015810152
734,9.267976288475854,8.44355120845179,7.081277396697274
735,8.118256092914772,-52.33349694484734,15.115537358500871
736,-70.0533507516067,3.409110919027056,23.534707772927874
737,9.768133382533518,-1.2110308798993623,20.17262322338038
738,-15.910865079120741,-59.45099058714341,34.8881595911076
739,1.122062158720311,-70.2956426031704,22.05613753971423
740,9.252226143543986,7.452778213472906,26.141115870295877
741,-49.00944898368739,8.345617298816022,17.56481554456326
742,9.410469212054029,-24.21198957071957,33.28314355585112
743,8.577577968423968,-43.819762387664596,21.228662723236603
744,8.66685417881259,-46.38244539737115,34.42679063526521
745,2.1417854477370533,-69.79956859316181,22.069831101734476
746,6.213246704518544,-62.31794566383225,15.35014751344644
747,-37.090858331001925,9.200722425100953,30.40266565773976
748,9.038004330226485,8.989824349108966,1.0258297735124202
749,6.430096406698275,9.556486767926275,12.8865937194956
750,9.654096824963828,-2.8751043339985505,27.02601242633809
751,9.726841963619052,-6.001365716287866,26.92978124716143
752,9.206027606470201,8.643046320288136,7.044879556003563
753,-31.507433003608206,9.180939795170513,17.926043155318155
754,-10.650876195945076,-64.45144843776886,28.59710728885385
755,8.907850661927807,9.206137903200606,6.9237714832986565
756,5.736566593392892,-63.03910140305173,34.5459701629261
757,-21.604614927118828,9.481789292849939,24.691746361158483
758,9.727022581678332,-0.9146129198450875,8.078393260453506
759,-32.384289347674766,-42.63686459576609,16.321448808374207
760,9.408021239670692,-7.8167793239655925,20.745029556684624
761,-43.83292695263078,-30.63732643739339,10.50805049771107
762,-70.64706147324,0.6295447307649896,17.400282809659018
763,12.062398910601685,-41.85960078594867,1.9562335637655588
764,-38.95211486151395,9.012978615936465,30.359230870343918
765,9.780056033921994,-2.5887663588657133,20.341232571002337
766,9.722447300402155,1.7660191929736269,20.20276974669082
767,-69.10370055015957,3.1063799765636397,10.764004300685325
768,1.7277630682525809,9.703920109522173,12.783801135249437
769,-5.7438110178640285,-67.87741440737547,28.360484803322677
770,-56.14460542454001,-19.97838997991593,22.806237505831014
771,-49.07155617751026,-25.031349122776852,22.84497104997342
772,-1.5125363177954956,-71.08927598766331,21.84372378244419
773,-70.55973954983651,-1.3445049767017232,23.19249820679604
774,9.650969101807052,-2.8748579178528453,27.02596281081788
775,-28.881626910841263,9.473643043171139,18.04809261762002
776,9.618338826735261,5.695728880285127,32.63086969602164
777,-6.1748419823750185,9.133089592466781,12.15795064296309
778,5.744202399532417,-64.15707909793544,2.8192819291002067
779,5.859973282303527,-63.37067976643124,15.38466565772395
780,9.543022485185508,6.700360775345227,32.437923466550366
781,-68.14577777265556,-6.94097444239408,23.559400170210694
782,-10.242367782686623,9.518231285040294,12.287006482845852
783,-19.993607077027455,9.957382134055734,31.3176847396662
784,-60.8626023857839,7.7171280443094314,11.436167885054969
785,-23.938751983400067,10.001519902312726,31.379046588516104
786,-51.39648381599789,-23.159983301307175,10.437481792788809
787,-50.87282012575842,-23.40799844901992,22.947695859032024
788,8.907735561367948,-29.360005982109307,14.641306037563513
789,-29.558333491921548,9.345610246890036,5.51647101352969
790,7.233788419560573,9.843422607256686,32.00088660775862
791,6.950544495093459,9.519030176796903,12.908283109646279
792,-20.978686987056165,-53.58092379509389,22.907447395452692
793,-15.773006656518033,-58.835510635219606,9.923193530329428
794,-30.249572695856436,-44.630832111115154,3.882203244796658
795,-63.77073862704779,-11.34022518934692,29.71851558284702
796,7.1706884063223875,-58.40653310037022,21.860913221317347
797,-4.314479180299021,8.917748536598763,12.120518043393517
798,9.298331761565601,5.992644653876624,26.237253031629926
799,9.862063145943116,-10.0923737955135,8.154688510107876
800,1.9375106989197253,9.120386255266844,6.404379017877932
801,8.536533750753259,-50.13748738683357,2.27309045242461
802,-11.670273935149288,-63.106779271731675,3.835599558230065
803,-70.22205646088585,-2.5450857937573983,4.487237343880953
804,4.264985694048034,-68.03910531089163,9.299452012611125
805,9.441018307916279,-25.02970789104301,33.1848087046415
806,9.374109262452485,-17.94145480445735,20.699151846052978
807,-39.216312895875994,-35.38126816937634,16.352229432847743
808,9.457460159086237,2.502718971564654,32.79108056492111
809,9.406236669328617,-29.616082957478785,27.20895141715696
810,9.427858760245911,4.0563893887929225,26.450924860139907
811,-5.481262921733145,9.752497523937723,18.89987338328458
812,9.580864329320281,-18.7695451985698,33.66455952120506
813,-21.84963329610415,9.479892364543321,18.267702312968936
814,-66.584675789442,5.484849867658427,4.875711316337668
815,-70.74950734730577,2.5755696223353852,23.56223530175176
816,-54.46441627237443,-20.803060897625734,29.386465193921545
817,9.56579830346805,4.079362837267434,7.716896152677899
818,-45.64560029198482,-29.32392835516083,23.114886361234692
819,9.470449971367836,5.588107286648669,1.3149092776941176
820,-13.77495689118747,9.356690850924718,5.912166956154288
821,-59.14523946340766,8.258223818718195,11.576748368966623
822,5.154149869641088,-65.88394294266128,28.13840063323049
823,-4.305140283068305,9.799081232936336,18.94837033293343
824,6.103933460878529,-62.96822023092547,2.788871122952946
825,9.430016469055337,1.4226467291674427,32.75835672377899
826,9.439560890637495,1.2009876275708837,32.75913822601752
827,8.956805663016114,9.166545089885275,13.32088117634066
828,9.421316344281177,-9.64097926852118,1.7863697812501025
829,-68.48083716667544,4.0288866559073115,4.900600687827309
830,-63.715163077146244,5.284507689628239,30.186697301135595
831,9.630934450412727,5.545109447933871,32.65887769998838
832,9.164204690581993,8.158788394688639,26.025239951773855
833,9.351559588335457,8.210001856780085,1.2064074700720777
834,-3.782559681370784,-69.7831272097686,3.0650848565809943
835,-65.58493509022051,-8.598027049405463,10.875922574531758
836,-70.65168388295132,2.0989796249969896,4.8420576058040785
837,-11.737347188132459,9.41221105953399,31.10976858292947
838,9.700520674828768,-1.8030771720904242,14.17947105335202
839,5.168524625876928,-65.7208296712858,2.9444379290349794
840,9.444310818239307,7.1205343638235306,7.3109820994635175
841,9.488540356937511,-32.53228671114438,33.7074888800534
842,9.259797948743332,-32.1740379626306,27.383753510888113
843,-21.37933221661191,9.471699179715554,18.263175390487465
844,-22.95374336992067,9.56839909178032,5.793213107871823
845,-21.915195470143086,10.0424658286856,31.44047068510242
846,1.6510489758695654,-70.56863320561261,15.63631824468996
847,-4.185121788355344,8.923906267556337,12.133132453828386
848,-31.301466963006256,9.403281070200944,30.86507380123937
849,9.128691678880465,9.010559392890379,13.362732331482048
850,-22.652121714540428,-52.479563972165174,9.682595368698417
851,7.746155295270657,9.382646452840913,25.585449827494504
852,-19.754397497480316,-55.15846729241893,16.283183031978886
853,-14.736420182798922,9.34861951610815,5.884037193075607
854,-0.8571999927251138,-70.53532927063576,9.385170145168207
855,9.652051326968301,7.666951187324138,13.534605138830662
856,9.619229606778092,-4.848845414311436,7.819760975572411
857,9.241261313944216,7.7561781189101815,26.099300810119104
858,-10.198507211630824,9.41969942657648,6.212910473403309
859,9.563439254154815,6.253876119743875,32.52500201973343
860,-70.71718296048546,1.082140975129375,30.07920467814785
861,-49.84465587169666,8.276843950597256,17.54062835797726
862,9.212400723623153,7.954805529110608,26.06548679668265
863,6.618455680497762,9.538801626050985,12.889184610885943
864,-26.42094981731516,9.06847262432337,24.419249371539365
865,-70.68841653562623,2.70146223727872,23.563551362809573
866,9.747763102822903,-3.73402197235472,20.5061671529499
867,9.261868683975267,7.527178209633607,26.13201573179405
868,-68.32489294121203,-5.3384690898287355,29.665936486991104
869,2.366110454393535,-69.95480715525623,34.545159257379886
870,9.597399877298384,0.027935336616900397,14.182966757138663
871,9.431727973498974,3.6113304553007484,26.526623126423686
872,6.008387881585861,-63.31223322083402,2.795323358807986
873,-3.404985706712968,-69.51808500415929,9.630864189301146
874,9.551506412473833,4.562043936914196,1.3690341021605068
875,-22.61784158802681,-52.52516091441476,9.674665776448792
876,0.6420407292389966,9.55138661211981,31.542959158138125
877,-19.309200590194234,-55.70236825982252,16.266180975710725
878,-2.3281807610663514,9.731697038049628,25.255741016366837
879,9.588301297447474,-10.994441583874014,20.68999975949626
880,-2.243959224958589,9.689778920064708,19.006684380137596
881,-17.665046749391763,9.582747337284065,24.613355533867562
882,9.737806124934751,-1.1149840223253231,8.074867529227
883,-29.856841649124565,9.289354436500755,30.808838026131546
884,9.444090725873986,-33.96085232315654,8.55634795765187
885,-69.07839555082415,-4.722100089041709,16.70445738664102
886,9.078664280303595,-35.00570977167989,27.61518256654079
887,9.549991411891433,-16.73728732425083,14.392926314935083
888,9.583693153863985,-21.68134676511874,14.696110239963334
889,-16.707071438129027,-58.61343099250204,22.455369776396402
890,3.162369174708213,9.658349184660903,12.791239199622062
891,-70.50168819808692,-1.301418515662205,17.229177790200055
892,9.455760287194082,-34.94623962430133,8.51150137966771
893,3.0327126266890123,9.608155870739736,25.204357009558784
894,-70.16542937870976,-3.8575832599108195,10.875360088075599
895,9.832152212527673,-11.915566165863048,14.602771967909744
896,-1.418867727982383,9.779671696211953,25.289782690495315
897,-25.648563089860232,9.533029203172006,5.715288528071342
898,5.475460051468704,9.657880209338291,0.29350536880482714
899,3.8468754202724456,-68.38242106502499,28.217563141577227
900,-68.17164988078193,4.549354415059927,10.955706073164043
